{"parameters/dense_6.weights": {"_type": "histogram", "values": [1, 0, 0, 1, 1, 1, 2, 0, 1, 6, 5, 0, 2, 2, 4, 3, 3, 1, 2, 1, 5, 2, 2, 2, 1, 3, 6, 4, 2, 4, 1, 2, 5, 1, 0, 3, 1, 1, 2, 3, 3, 4, 3, 3, 3, 2, 2, 3, 1, 2, 4, 2, 2, 5, 2, 2, 1, 5, 4, 0, 2, 1, 0, 1], "bins": [-0.592133641242981, -0.5742059946060181, -0.5562783479690552, -0.5383507013320923, -0.5204230546951294, -0.5024954080581665, -0.4845677614212036, -0.4666401147842407, -0.44871246814727783, -0.43078479170799255, -0.41285714507102966, -0.3949294984340668, -0.3770018517971039, -0.359074205160141, -0.3411465585231781, -0.3232189118862152, -0.3052912652492523, -0.28736361861228943, -0.26943597197532654, -0.25150832533836365, -0.23358067870140076, -0.21565301716327667, -0.19772537052631378, -0.1797977238893509, -0.161870077252388, -0.1439424306154251, -0.12601478397846222, -0.10808712989091873, -0.09015948325395584, -0.07223183661699295, -0.05430418625473976, -0.03637653589248657, -0.01844888925552368, -0.0005212407559156418, 0.017406407743692398, 0.03533405810594559, 0.05326170474290848, 0.07118935137987137, 0.08911700546741486, 0.10704465210437775, 0.12497229874134064, 0.14289994537830353, 0.16082759201526642, 0.1787552386522293, 0.1966829001903534, 0.21461054682731628, 0.23253819346427917, 0.25046584010124207, 0.26839348673820496, 0.28632113337516785, 0.30424878001213074, 0.32217642664909363, 0.3401040732860565, 0.3580317199230194, 0.3759593665599823, 0.3938870131969452, 0.41181468963623047, 0.42974233627319336, 0.44766998291015625, 0.46559762954711914, 0.48352527618408203, 0.5014529228210449, 0.5193805694580078, 0.5373082160949707, 0.5552358627319336]}, "parameters/dense_6.bias": {"_type": "histogram", "values": [1, 0, 0, 0, 0, 0, 1, 0, 1, 0, 0, 1, 0, 0, 0, 0, 0, 0, 1, 0, 0, 0, 1, 0, 0, 0, 0, 0, 1, 1, 0, 1, 0, 1, 0, 0, 0, 0, 1, 0, 0, 0, 0, 0, 0, 0, 0, 0, 0, 0, 0, 0, 0, 1, 0, 0, 0, 0, 0, 0, 0, 0, 0, 1], "bins": [-0.07024670392274857, -0.06672102212905884, -0.06319533288478851, -0.059669651091098785, -0.05614396557211876, -0.05261828005313873, -0.04909259453415871, -0.04556691274046898, -0.04204122722148895, -0.038515541702508926, -0.0349898561835289, -0.031464170664548874, -0.027938487008213997, -0.02441280335187912, -0.020887117832899094, -0.017361434176564217, -0.01383574865758419, -0.010310064069926739, -0.006784379482269287, -0.003258694428950548, 0.00026699015870690346, 0.003792674746364355, 0.007318359799683094, 0.010844044387340546, 0.014369728974997997, 0.01789541356265545, 0.021421099081635475, 0.024946782737970352, 0.02847246825695038, 0.031998153775930405, 0.03552383556962013, 0.03904952108860016, 0.042575206607580185, 0.04610089212656021, 0.04962657764554024, 0.053152259439229965, 0.05667794495820999, 0.06020363047719002, 0.06372931599617004, 0.06725499778985977, 0.0707806870341301, 0.07430636882781982, 0.07783205062150955, 0.08135773986577988, 0.0848834216594696, 0.08840911090373993, 0.09193479269742966, 0.09546047449111938, 0.09898616373538971, 0.10251184552907944, 0.10603753477334976, 0.10956321656703949, 0.11308889836072922, 0.11661458760499954, 0.12014026939868927, 0.123665951192379, 0.12719163298606873, 0.13071732223033905, 0.13424301147460938, 0.1377687007188797, 0.14129437506198883, 0.14482006430625916, 0.14834575355052948, 0.1518714278936386, 0.15539711713790894]}, "parameters/dense_7.weights": {"_type": "histogram", "values": [2, 1, 0, 4, 1, 3, 1, 7, 3, 0, 2, 2, 5, 3, 2, 0, 3, 7, 1, 3, 3, 3, 2, 1, 4, 3, 4, 3, 1, 4, 3, 2, 1, 0, 1, 2, 3, 2, 2, 3, 2, 1, 3, 3, 4, 3, 2, 2, 4, 1, 2, 1, 10, 4, 2, 3, 0, 3, 2, 2, 0, 2, 1, 2], "bins": [-0.5269140601158142, -0.5101855397224426, -0.49345698952674866, -0.4767284393310547, -0.4599998891353607, -0.44327136874198914, -0.42654281854629517, -0.4098142683506012, -0.3930857479572296, -0.37635719776153564, -0.3596286475658417, -0.3429001271724701, -0.3261715769767761, -0.30944302678108215, -0.29271450638771057, -0.2759859561920166, -0.259257435798645, -0.24252888560295105, -0.22580033540725708, -0.2090718001127243, -0.19234326481819153, -0.17561471462249756, -0.15888617932796478, -0.142157644033432, -0.12542909383773804, -0.10870055854320526, -0.09197202324867249, -0.07524348050355911, -0.05851494148373604, -0.041786402463912964, -0.02505786158144474, -0.008329321630299091, 0.008399218320846558, 0.025127757340669632, 0.041856296360492706, 0.05858483910560608, 0.07531337440013885, 0.09204191714525223, 0.1087704598903656, 0.12549899518489838, 0.14222753047943115, 0.15895608067512512, 0.1756846159696579, 0.19241315126419067, 0.20914170145988464, 0.22587023675441742, 0.2425987720489502, 0.25932732224464417, 0.27605587244033813, 0.2927843928337097, 0.3095129430294037, 0.32624146342277527, 0.34297001361846924, 0.3596985638141632, 0.3764270842075348, 0.39315563440322876, 0.40988418459892273, 0.4266127049922943, 0.4433412551879883, 0.46006980538368225, 0.47679832577705383, 0.4935268759727478, 0.5102553963661194, 0.5269839763641357, 0.5437124967575073]}, "parameters/dense_7.bias": {"_type": "histogram", "values": [1, 0, 0, 0, 0, 0, 0, 0, 0, 0, 0, 0, 0, 0, 0, 0, 0, 0, 0, 0, 0, 0, 1, 0, 0, 0, 0, 0, 0, 1, 0, 2, 0, 1, 0, 0, 1, 0, 0, 0, 1, 1, 0, 0, 0, 1, 0, 0, 0, 0, 0, 0, 0, 0, 0, 0, 0, 1, 0, 0, 0, 0, 0, 1], "bins": [-0.17894907295703888, -0.17310062050819397, -0.16725218296051025, -0.16140373051166534, -0.15555529296398163, -0.14970684051513672, -0.143858402967453, -0.1380099505186081, -0.13216151297092438, -0.12631306052207947, -0.12046461552381516, -0.11461617052555084, -0.10876772552728653, -0.10291928052902222, -0.0970708355307579, -0.09122239053249359, -0.08537393808364868, -0.07952549308538437, -0.07367704808712006, -0.06782860308885574, -0.06198015809059143, -0.05613171309232712, -0.050283268094062805, -0.04443482309579849, -0.03858637809753418, -0.03273792937397957, -0.026889484375715256, -0.021041039377450943, -0.015192593447864056, -0.009344147518277168, -0.0034957020543515682, 0.0023527436424046755, 0.00820118933916092, 0.014049635268747807, 0.019898081198334694, 0.025746526196599007, 0.03159497305750847, 0.03744341805577278, 0.043291863054037094, 0.04914030805230141, 0.05498875677585602, 0.06083720177412033, 0.06668564677238464, 0.07253409177064896, 0.07838253676891327, 0.08423098176717758, 0.0900794267654419, 0.09592787176370621, 0.10177631676197052, 0.10762476921081543, 0.11347321420907974, 0.11932165920734406, 0.12517009675502777, 0.13101854920387268, 0.1368670016527176, 0.1427154392004013, 0.14856389164924622, 0.15441232919692993, 0.16026078164577484, 0.16610921919345856, 0.17195767164230347, 0.17780610918998718, 0.1836545616388321, 0.1895029991865158, 0.19535145163536072]}, "parameters/dense_8.weights": {"_type": "histogram", "values": [1, 0, 0, 0, 0, 0, 0, 0, 0, 1, 1, 0, 0, 0, 1, 0, 0, 0, 0, 0, 1, 0, 0, 0, 0, 0, 1, 0, 0, 0, 0, 0, 0, 0, 0, 1, 0, 1, 0, 0, 0, 0, 0, 0, 0, 0, 0, 0, 0, 0, 1, 0, 0, 0, 0, 0, 0, 0, 2, 0, 0, 0, 0, 1],